{"cameraMode":{"drawMode":0,"name":"Shaded","section":"Shading Mode"},"sceneLighting":true,"audioPlay":false,"sceneViewState":{"showFog":true,"showMaterialUpdate":false,"showSkybox":true,"showFlares":true,"showImageEffects":true,"showParticleSystems":true,"showVisualEffectGraphs":true,"m_FxEnabled":true},"in2DMode":false,"pivot":{"x":-3.947664260864258,"y":-0.03407078981399536,"z":0.45236414670944216},"rotation":{"x":0.07272299379110336,"y":-0.7920256853103638,"z":0.09621478617191315,"w":0.5984947681427002},"size":1.3402249813079835,"orthographic":false}