{"cameraMode":{"drawMode":0,"name":"Shaded","section":"Shading Mode"},"sceneLighting":true,"audioPlay":false,"sceneViewState":{"showFog":true,"showMaterialUpdate":false,"showSkybox":true,"showFlares":true,"showImageEffects":true,"showParticleSystems":true,"showVisualEffectGraphs":true,"m_FxEnabled":true},"in2DMode":false,"pivot":{"x":-0.1412554383277893,"y":1.4610309600830079,"z":-4.1673078536987309},"rotation":{"x":0.23444947600364686,"y":-0.0986577719449997,"z":0.02391059324145317,"w":0.9668373465538025},"size":1.9015700817108155,"orthographic":false}