{"cameraMode":{"drawMode":0,"name":"Shaded","section":"Shading Mode"},"sceneLighting":true,"audioPlay":false,"sceneViewState":{"showFog":true,"showMaterialUpdate":true,"showSkybox":false,"showFlares":true,"showImageEffects":true,"showParticleSystems":true,"showVisualEffectGraphs":true,"m_FxEnabled":true},"in2DMode":false,"pivot":{"x":0.11512342095375061,"y":0.7630205154418945,"z":2.1311988830566408},"rotation":{"x":-0.10307413339614868,"y":-0.19503718614578248,"z":0.020616142079234124,"w":-0.9751506447792053},"size":2.094050645828247,"orthographic":false}