{"cameraMode":{"drawMode":0,"name":"Shaded","section":"Shading Mode"},"sceneLighting":true,"audioPlay":false,"sceneViewState":{"showFog":true,"showMaterialUpdate":true,"showSkybox":false,"showFlares":true,"showImageEffects":true,"showParticleSystems":true,"showVisualEffectGraphs":true,"m_FxEnabled":true},"in2DMode":false,"pivot":{"x":0.7148638367652893,"y":-0.1216503381729126,"z":3.432016134262085},"rotation":{"x":0.19360390305519105,"y":0.18160444498062135,"z":-0.03649582713842392,"w":0.9634422063827515},"size":1.2207093238830567,"orthographic":false}