{"cameraMode":{"drawMode":0,"name":"Shaded","section":"Shading Mode"},"sceneLighting":true,"audioPlay":false,"sceneViewState":{"showFog":true,"showMaterialUpdate":true,"showSkybox":false,"showFlares":true,"showImageEffects":true,"showParticleSystems":true,"showVisualEffectGraphs":true,"m_FxEnabled":true},"in2DMode":false,"pivot":{"x":-0.5743212699890137,"y":0.8575966358184815,"z":2.5717835426330568},"rotation":{"x":-0.10307413339614868,"y":-0.19503718614578248,"z":0.020616142079234124,"w":-0.9751506447792053},"size":0.90739506483078,"orthographic":false}