{"cameraMode":{"drawMode":0,"name":"Shaded","section":"Shading Mode"},"sceneLighting":true,"audioPlay":false,"sceneViewState":{"showFog":true,"showMaterialUpdate":true,"showSkybox":false,"showFlares":true,"showImageEffects":true,"showParticleSystems":true,"showVisualEffectGraphs":true,"m_FxEnabled":true},"in2DMode":false,"pivot":{"x":2.5161657333374025,"y":0.9354371428489685,"z":1.30202317237854},"rotation":{"x":-0.10307413339614868,"y":-0.19503718614578248,"z":0.020616142079234124,"w":-0.9751506447792053},"size":1.8073949813842774,"orthographic":false}