{"cameraMode":{"drawMode":0,"name":"Shaded","section":"Shading Mode"},"sceneLighting":true,"audioPlay":false,"sceneViewState":{"showFog":true,"showMaterialUpdate":true,"showSkybox":false,"showFlares":true,"showImageEffects":true,"showParticleSystems":true,"showVisualEffectGraphs":true,"m_FxEnabled":true},"in2DMode":false,"pivot":{"x":-0.43214911222457888,"y":0.7523787021636963,"z":2.488128662109375},"rotation":{"x":-0.10307413339614868,"y":-0.19503718614578248,"z":0.020616142079234124,"w":-0.9751506447792053},"size":0.6073950529098511,"orthographic":false}