{"cameraMode":{"drawMode":0,"name":"Shaded","section":"Shading Mode"},"sceneLighting":false,"audioPlay":false,"sceneViewState":{"showFog":true,"showMaterialUpdate":false,"showSkybox":false,"showFlares":true,"showImageEffects":true,"showParticleSystems":true,"showVisualEffectGraphs":true,"m_FxEnabled":true},"in2DMode":false,"pivot":{"x":-0.002147883176803589,"y":0.30591490864753725,"z":-1.4901161193847657e-8},"rotation":{"x":0.2060869187116623,"y":0.4892635941505432,"z":-0.12019667029380799,"w":0.8388798236846924},"size":0.36959853768348696,"orthographic":false}